일,샘킴
2025-12-09,0
2025-12-10,0
2025-12-11,0
2025-12-12,0
2025-12-13,0
2025-12-14,0
2025-12-15,0
2025-12-16,0
2025-12-17,0
2025-12-18,0
2025-12-19,23
2025-12-20,0
2025-12-21,0
2025-12-22,0
2025-12-23,50
2025-12-24,35
2025-12-25,48
2025-12-26,26
2025-12-27,0
2025-12-28,26
2025-12-29,24
2025-12-30,98
2025-12-31,97
2026-01-01,87
2026-01-02,48
2026-01-03,100
2026-01-04,68
2026-01-05,41
2026-01-06,30
2026-01-07,29
2026-01-08,23
2026-01-09,19
2026-01-10,24
2026-01-11,23
2026-01-12,13
2026-01-13,20
2026-01-14,18
2026-01-15,16
