날짜,윤준모
2025-12-09,0
2025-12-10,0
2025-12-11,0
2025-12-12,0
2025-12-13,0
2025-12-14,0
2025-12-15,0
2025-12-16,6
2025-12-17,22
2025-12-18,26
2025-12-19,22
2025-12-20,12
2025-12-21,8
2025-12-22,12
2025-12-23,11
2025-12-24,20
2025-12-25,14
2025-12-26,11
2025-12-27,7
2025-12-28,9
2025-12-29,9
2025-12-30,67
2025-12-31,100
2026-01-01,83
2026-01-02,57
2026-01-03,51
2026-01-04,43
2026-01-05,36
2026-01-06,60
2026-01-07,67
2026-01-08,44
2026-01-09,35
2026-01-10,31
2026-01-11,40
2026-01-12,23
2026-01-13,22
2026-01-14,26
2026-01-15,24
