일,아기맹수
2025-12-09,0
2025-12-10,0
2025-12-11,0
2025-12-12,0
2025-12-13,0
2025-12-14,0
2025-12-15,0
2025-12-16,215
2025-12-17,266
2025-12-18,173
2025-12-19,81
2025-12-20,56
2025-12-21,49
2025-12-22,76
2025-12-23,90
2025-12-24,106
2025-12-25,55
2025-12-26,101
2025-12-27,58
2025-12-28,36
2025-12-29,28
2025-12-30,77
2025-12-31,96
2026-01-01,186
2026-01-02,131
2026-01-03,135
2026-01-04,352
2026-01-05,199
2026-01-06,112
2026-01-07,91
2026-01-08,82
2026-01-09,73
2026-01-10,57
2026-01-11,69
2026-01-12,86
2026-01-13,170
2026-01-14,148
2026-01-15,24