일,후덕죽
2025-12-09,0
2025-12-10,0
2025-12-11,0
2025-12-12,0
2025-12-13,11
2025-12-14,0
2025-12-15,0
2025-12-16,21
2025-12-17,19
2025-12-18,14
2025-12-19,13
2025-12-20,19
2025-12-21,19
2025-12-22,12
2025-12-23,76
2025-12-24,79
2025-12-25,93
2025-12-26,63
2025-12-27,41
2025-12-28,38
2025-12-29,29
2025-12-30,67
2025-12-31,80
2026-01-01,67
2026-01-02,38
2026-01-03,42
2026-01-04,39
2026-01-05,30
2026-01-06,100
2026-01-07,88
2026-01-08,56
2026-01-09,43
2026-01-10,65
2026-01-11,42
2026-01-12,25
2026-01-13,35
2026-01-14,26
2026-01-15,17
