일,임성근
2025-12-09,0
2025-12-10,0
2025-12-11,0
2025-12-12,0
2025-12-13,0
2025-12-14,0
2025-12-15,0
2025-12-16,0
2025-12-17,0
2025-12-18,0
2025-12-19,0
2025-12-20,0
2025-12-21,0
2025-12-22,0
2025-12-23,35
2025-12-24,69
2025-12-25,53
2025-12-26,38
2025-12-27,48
2025-12-28,37
2025-12-29,47
2025-12-30,100
2025-12-31,100
2026-01-01,93
2026-01-02,69
2026-01-03,77
2026-01-04,72
2026-01-05,48
2026-01-06,65
2026-01-07,52
2026-01-08,36
2026-01-09,31
2026-01-10,35
2026-01-11,30
2026-01-12,21
2026-01-13,23
2026-01-14,32
2026-01-15,23