일,정호영
2025-12-09,0
2025-12-10,0
2025-12-11,0
2025-12-12,0
2025-12-13,0
2025-12-14,0
2025-12-15,27
2025-12-16,0
2025-12-17,0
2025-12-18,20
2025-12-19,21
2025-12-20,0
2025-12-21,20
2025-12-22,17
2025-12-23,74
2025-12-24,55
2025-12-25,85
2025-12-26,40
2025-12-27,54
2025-12-28,37
2025-12-29,32
2025-12-30,86
2025-12-31,100
2026-01-01,76
2026-01-02,45
2026-01-03,87
2026-01-04,64
2026-01-05,37
2026-01-06,70
2026-01-07,61
2026-01-08,48
2026-01-09,38
2026-01-10,44
2026-01-11,35
2026-01-12,20
2026-01-13,32
2026-01-14,27
2026-01-15,19
