일,손종원
2025-12-09,7
2025-12-10,6
2025-12-11,6
2025-12-12,6
2025-12-13,0
2025-12-14,11
2025-12-15,8
2025-12-16,22
2025-12-17,48
2025-12-18,50
2025-12-19,47
2025-12-20,57
2025-12-21,51
2025-12-22,44
2025-12-23,45
2025-12-24,72
2025-12-25,85
2025-12-26,68
2025-12-27,82
2025-12-28,79
2025-12-29,71
2025-12-30,100
2025-12-31,91
2026-01-01,92
2026-01-02,62
2026-01-03,65
2026-01-04,68
2026-01-05,47
2026-01-06,65
2026-01-07,53
2026-01-08,50
2026-01-09,40
2026-01-10,37
2026-01-11,33
2026-01-12,22
2026-01-13,30
2026-01-14,31
2026-01-15,24
