날짜,손종원
2025-12-09,10
2025-12-10,10
2025-12-11,9
2025-12-12,10
2025-12-13,10
2025-12-14,12
2025-12-15,11
2025-12-16,25
2025-12-17,63
2025-12-18,94
2025-12-19,100
2025-12-20,84
2025-12-21,78
2025-12-22,78
2025-12-23,78
2025-12-24,86
2025-12-25,86
2025-12-26,81
2025-12-27,81
2025-12-28,83
2025-12-29,78
2025-12-30,93
2025-12-31,93
2026-01-01,94
2026-01-02,80
2026-01-03,76
2026-01-04,74
2026-01-05,71
2026-01-06,80
2026-01-07,71
2026-01-08,55
2026-01-09,48
2026-01-10,45
2026-01-11,41
2026-01-12,35
2026-01-13,37
2026-01-14,41
2026-01-15,43
